parent	派任的	父母親派任家庭任務，一人洗碗一人掃地。
grandfather	格蘭發的	爺爺格蘭發的糖果，孫子排隊來領。
grandmother	格蘭媽的	奶奶格蘭拿出媽媽小時候的照片。
uncle	俺可	叔叔拍胸說：俺可幫你修腳踏車！
aunt	俺的阿姨	喊一聲俺的阿姨，她提著水果來了。
cousin	客怎	堂表兄妹當客人，問今天怎麼玩。
son	森	兒子小森牽著爸爸，去森林裡散步。
daughter	多特	女兒收到好多特別的生日禮物。
baby	背比	背著小寶寶，比比誰先把他哄睡。
child	拆的	小孩拆開禮物，紙盒比他還大。
children	七兒追人	七個孩子追著大人玩捉迷藏。
friend	扶人的	朋友扶住快跌倒的人，友誼更深。
neighbor	內伯	鄰居伯伯走進院內，送來一盆花。
person	盆上	一個人站在大花盆上表演平衡。
people	披袍	廣場上的人們都披著彩色袍子。
classroom	課來思入門	走入教室，課上大家一起思考。
classmate	課來思美的	同班同學在課堂畫出美麗的圖。
blackboard	不來可剝的	黑板像黑巧克力，想剝下來卻剝不動。
pencil	噴色	鉛筆尖像小噴泉，噴出灰色線條。
pen	噴	按下原子筆，筆尖噴出一滴墨。
eraser	一揉色	橡皮擦一揉，鉛筆的顏色就消失。
ruler	如勒	直尺如同勒緊的線，邊緣筆直。
notebook	鬧的簿	筆記本鬧著要你寫下今天的趣事。
textbook	貼字簿	教科書變成貼滿知識文字的大簿子。
backpack	背可派可	背包背上肩，可以帶派去野餐。
homework	轟姆我可	回家轟一聲放下書包，我可要寫作業。
lesson	勒聲	老師勒住吵鬧聲，課程開始了。
library	來不累哩	圖書館有舒適座椅，來讀書不累哩。
playground	陪來逛	朋友陪你來逛操場，一起玩球。
question	快問聲	有疑問就快問一聲，老師舉手回答。
answer	俺說	題目問誰知道答案，你說：俺說！
speak	絲匹克	嘴裡吐出絲帶，每條寫著說出的話。
wash	哇！洗	鞋子全是泥，哇一聲後開始清洗。
brush	不惹濕	牙刷刷出泡泡，提醒自己別弄濕衣袖。
cook	酷可	廚師戴酷帽子，可以煮出美味晚餐。
clean	可拎	地板打掃乾淨，可以拎包回家了。
wake	喂可	輕喊喂，可以醒來吃早餐囉。
walk	我可	我可以走路去公園，腳步咚咚響。
run	潤	雨水潤濕跑道，選手仍在奔跑。
jump	掌撲	跳起來用手掌撲向空中的氣球。
swim	絲圍姆	游泳的人像被水做的絲帶圍住。
help	嘿！扶	看見人跌倒，喊嘿一聲伸手扶起。
laugh	拉夫	拉夫先生聽到笑話，笑彎了腰。
cry	哭來	眼淚哭著來報到，嘩啦落下臉頰。
breakfast	不餓快吃	早餐端上桌，快吃飽就不餓了。
lunch	懶吃	中午懶得煮，拿便當吃午餐。
dinner	地呢	晚餐桌搬到草地呢，全家看星星吃飯。
meal	米兒	米兒端著飯碗，準備好好吃一餐。
juice	啾絲	吸管啾一聲，把果汁吸成細絲。
noodle	努的	努力拉長麵糰，做出一根根麵條。
vegetable	維吉的剝	維吉把蔬菜的外葉剝下，準備做沙拉。
fruit	福入的	水果裝入福氣籃，送給剛搬家的朋友。
bear	背兒	大熊背著小熊兒，穿過森林。
weather	喂的	打電話喂一聲，問對方那裡天氣如何。
sunny	散你	晴天的陽光散到你身上，暖洋洋的。
rainy	淚你	雨天像天空向你落淚，雨滴打在傘上。
cloudy	可勞的	多雲的天空裡，雲忙著勞動搬水滴。
windy	溫的衣	風大的日子，溫暖的衣服被吹得鼓鼓。
snowy	思諾衣	下雪時思諾穿厚衣，袖口接住雪花。
season	四怎	一年四個季節，各怎麼換衣服呢？
spring	絲噴綠	春天像噴出綠絲，草芽從土裡冒出。
summer	撒麼	夏天太熱，問撒什麼水才能涼快。
autumn	凹疼	秋天栗子落進凹洞，砸得地面喊疼。
winter	溫特	冬天穿特別保溫的外套，縮著脖子。
morning	摸您	早晨的小貓摸您的手，叫您起床。
afternoon	愛福特怒嗯	下午福特車愛打盹，喇叭怒哼一聲。
evening	衣服拎	傍晚把曬乾的衣服拎回屋裡。
night	耐的	夜晚耐心等星星出現，天空漸漸暗下。
today	特地	今天特地圈在日曆上，提醒現在就做。
yesterday	耶！是的昨天	翻到昨天的照片，喊耶，記得那一天。
tomorrow	拖嘛囉	事情拖到明天嘛，日曆因此囉嗦起來。
head	嘿的	喊嘿一聲，頭立刻轉向聲音。
eye	愛	用眼睛畫出愛心，眨一下送給朋友。
ear	伊兒	伊兒把耳朵湊過來，聽貝殼的聲音。
nose	弄滋	鼻子聞到湯的滋味，忍不住湊近。
mouth	冒思	嘴巴冒出想法，變成一句句話。
hand	憨的	憨厚的巨人伸出大手，讓孩子坐掌心。
foot	扶的	腳受傷了，扶著柺杖慢慢站起。
one	完	只剩一個任務，完成就喊完！
two	兔	兩隻兔子排成一對，一起啃蘿蔔。
three	絲立	三根絲線立起來，組成數字三。
four	佛	四尊小佛像排成方形，數一二三四。
five	發衣服	五件衣服發給五個人，一人一件。
six	絲可思	六條絲線拼成數字六，想想怎麼編。
seven	塞粉	七個罐子塞滿粉末，標號一到七。
eight	欸！的	欸，桌上正好八個的，全部數一遍。
nine	奶恩	九杯牛奶代表感恩，送給九位老師。
ten	添	再添一根手指頭，雙手共有十指。
hundred	憨的熱的	憨厚廚師端出一百個熱饅頭。
thousand	燒怎的	一千根蠟燭燒著，怎麼吹得完？
first	福耳絲的	第一名獲得一條有福氣的耳飾絲帶。
second	塞坑的	第二顆球塞進第二個坑，計時一秒。
third	思耳的	第三個人貼耳思考，等著回答。
red	熱的	紅色辣椒熱得冒煙，紅光映在臉上。
blue	不露	藍色海水不露底，深得像天空。
yellow	耶！漏	黃色顏料漏出來，染黃耶字招牌。
green	格林	格林先生種的樹，全是綠色葉子。
white	外的	屋外的雪一片白，連圍牆也變白。
black	不來客	黑色夜晚門外看不清，客人暫時不來。
pink	拼可	拼一朵粉紅色紙花，可以送媽媽。
purple	破袍	破袍子補上紫色布，變成紫袍。
brown	不讓	棕色小熊不讓雨水弄髒牠的毛。
cow	靠	靠近乳牛，牠的牛鈴叮噹響。
sheep	西鋪	綿羊在西邊鋪開羊毛，像白地毯。
chicken	七肯	七隻雞肯排隊，咯咯走進雞舍。
mouse	毛絲	老鼠拖著一團毛絲，築成小窩。
frog	扶落格	青蛙扶住快落下的方格葉子。
turtle	特的勒	烏龜殼上有特別的勒痕，慢慢伸頭看。
snake	絲內可	蛇鑽進絲帶圈內，可滑得真快。
bee	嗶	蜜蜂嗶一聲飛過，像小飛行警報器。
butterfly	巴的飛來	巴士窗外，一隻蝴蝶飛來停在花上。
pizza	披薩	披薩披著起司毯，撒滿彩色配料。
shirt	雪的	襯衫白得像雪，領口也潔白。
pants	盼子	盼著長高的孩子，量量長褲夠不夠長。
dress	垂絲	洋裝垂著細絲裙襬，轉圈時飄起來。
coat	扣的	把大衣的扣子扣好，冷風進不來。
jacket	夾可的	短外套夾在椅背，可以隨時拿走。
shoes	書子	兩本小書變成鞋子，穿著走出書店。
hat	哈的	帽子被風吹走，大家哈哈笑著追。
home	轟姆	回家的門轟一聲關上，媽媽出來迎接。
house	好絲	房子的屋頂像好看的絲帶，蓋住全家。
room	入姆	進入房間，姆指按下門邊開關。
city	西踢	城市西邊有人踢球，東邊有人逛街。
park	趴可	公園草地可以趴著看螞蟻搬家。
store	絲朵	商店把絲帶結成花朵，掛滿門口。
beach	比奇	比奇在海灘挖沙，挖出一隻小螃蟹。
mountain	貓吞	山像大貓張嘴，吞下飄過的雲。
river	立佛	河邊立著佛像，河水繞著流過。
lake	累可	走累了，可以坐在湖邊看水波。
sea	西	西邊是一片大海，夕陽照亮浪花。
ocean	喔！深	看見遼闊海洋，喊喔，真深真大！
sky	思開	抬頭思考，天空像開啟的大畫布。
rainbow	淚恩波	雨滴像淚落下，光在水波上畫出彩虹。
clock	可落可	時鐘指標可落到六，再往七移動。
lamp	亮鋪	檯燈把亮光鋪滿桌面，照著作業。
sofa	搜發	搜遍沙發縫，發現掉下的硬幣。
box	包可思	盒子包住禮物，猜猜裡面可有什麼。
bag	背個	背個提袋去市場，裝回水果蔬菜。
cup	咖鋪	咖啡在有把手的杯裡，杯墊鋪在下方。
glass	格拉絲	玻璃杯透明得像玻璃拉成的絲。
bottle	包特兒	瓶子包著特製水，倒出時咕嚕響。
big	比個	比個手勢：雙手張開表示很大。
small	絲毛兒	一小根絲毛兒，小得要用放大鏡找。
tall	桃兒高	桃兒掛得高高的，樹頂碰到雲。
short	秀特	特別的矮凳放在臺前，展示短短的腿。
long	龍	長長的龍尾巴，繞屋子三圈。
fast	發絲的	快跑時髮絲飛起，像流星掠過。
slow	絲漏	絲線慢慢漏出線軸，一點也不急。
hot	哈的	燙湯讓人張嘴哈氣，不敢立刻喝。
cold	摳的	冰塊冷得手縮起，摳不出杯底。
new	牛	新買的玩具牛，身上標籤還沒拆。
old	藕的	老藕躺在老木箱，滿身歲月的紋路。
young	羊	年輕小羊跳過圍欄，活力十足。
busy	比字	忙著比對文字，桌上檔案堆成山。
easy	衣字	衣服上的字很容易讀，一眼就認出。
hard	哈的石	哈哈笑的石頭硬得敲不開，很難切。
sweet	絲微甜	棉花糖拉成絲，每根都微微甜。
kitten	奇吞	小貓好奇地吞下一小口牛奶。
puppy	怕皮	小狗怕皮球滾來，躲到主人腳後。
lamb	懶姆	小羊懶懶靠著羊媽媽，曬太陽打盹。
foal	佛兒	小馬繞著小佛像跑，馬蹄輕輕響。
calf	咖夫	小牛咖夫頂著奶桶，向媽媽跑去。
chick	七可	七隻小雞，可以擠進一個小紙箱。
piglet	皮格粒的	小豬皮格吃米粒，鼻子沾滿了飯。
duckling	大可拎	小鴨大可被輕輕拎起，放回池邊。
bunny	班尼	小兔班尼抖著耳朵，在草裡躲貓貓。
cub	咖布	小熊抱著咖色布偶，蜷成一小團。
goat	夠的	山羊吃草吃夠了，站上石頭休息。
rooster	入絲特	公雞走入絲帶舞臺，特別大聲啼叫。
hen	很	母雞很認真地孵蛋，坐著一動不動。
turkey	特耳 key	火雞耳邊掛特製鑰匙，羽毛一抖叮噹響。
goose	鼓絲	鵝咬住鼓上的絲繩，拖著鼓走。
swan	絲彎	天鵝的脖子像絲帶，彎成美麗的弧。
pigeon	皮真	鴿子皮皮真的認得家，飛回窗臺。
parrot	派熱的	鸚鵡反覆喊：派熱的，別燙嘴！
crow	可肉	烏鴉叼到一小塊肉，高興地嘎嘎叫。
sparrow	絲派肉	麻雀用絲帶包一片派，站在肉色屋簷上。
peacock	披可可	孔雀披著可可色披風，尾羽仍閃亮。
flamingo	福來明狗	紅鶴單腳站著，明明有福卻被狗逗笑。
penguin	胖過灣	胖胖企鵝滑過海灣，肚皮當滑板。
seal	西兒	海豹西兒拍著鰭，在冰上翻滾。
walrus	我耳熱絲	海象靠長牙曬太陽，耳邊熱得冒絲。
otter	奧特	水獺奧特抱著貝殼，仰躺水面吃飯。
beaver	比佛	海狸比佛搬木頭，築出一座小水壩。
squirrel	絲過耳兒	松鼠耳朵掃過絲線，尾巴蓬鬆豎起。
chipmunk	奇普忙可	花栗鼠奇普忙著搬堅果，可勤快了。
raccoon	揉酷恩	浣熊揉著酷酷的黑眼罩，感恩吃到點心。
badger	拜哲	獾拜哲用爪子挖洞，地下像迷宮。
hedgehog	嘿！折哈格	刺蝟嘿一聲，蜷成刺球塞進方格。
mole	摸兒	鼴鼠摸著土路，從地下冒出頭。
bat	拜的	蝙蝠飛出洞口，倒掛著向白天說拜拜。
lizard	麗熱的	蜥蜴麗麗趴在熱石頭上，尾巴彎彎。
gecko	蓋口	壁虎守著牆上小洞，像替洞口蓋蓋子。
chameleon	可米粒恩	變色龍踩到米粒，身體變成米白色。
tortoise	桃的絲	陸龜背著桃色絲帶，慢慢走過草地。
alligator	愛了蓋的	短吻鱷愛上鍋蓋，短短吻部頂著蓋子。
crocodile	可落可戴兒	鱷魚張長嘴，可讓落下的帽子戴在牙上。
hippo	喜坡	河馬喜歡滑下泥坡，噗通落進水裡。
rhino	來鬧	犀牛來鬧沙坑，鼻角頂起一團沙。
camel	開毛兒	駱駝把毛毯開啟，駝峰頂著兩個帳篷。
llama	拉嘛	羊駝咬住繩子拉嘛，牽著人往前走。
deer	滴耳	小鹿耳朵滴下露水，轉頭看清晨森林。
reindeer	淚恩滴耳	馴鹿拉雪橇，雪花化成淚滴掛耳邊。
moose	木絲	駝鹿角上纏著木色絲線，像巨大衣架。
kangaroo	扛個入	袋鼠扛個小籃子，把寶寶放入口袋。
koala	扣阿拉	無尾熊扣住樹幹，阿拉一聲抱得更緊。
leopard	勒破的	花豹躍過勒破的網，斑點一閃而過。
cheetah	氣塔	獵豹跑過氣球塔，快得氣球都被吹起。
jaguar	夾瓜兒	美洲豹夾著瓜兒走，身上的花紋像瓜籽。
panther	盼絲耳	黑豹盼著絲帶落下，豎耳等待獵物。
wolf	屋夫	狼屋夫在月下嚎叫，叫聲穿過森林。
coyote	開喔踢	郊狼開門喔一聲，踢著空罐走過荒野。
fox	發可絲	狐狸把尾巴毛發成絲，紅紅一大把。
hyena	嗨！伊娜	土狼對伊娜喊嗨，發出像笑聲的叫聲。
gorilla	哥力拉	大猩猩哥哥力氣大，拉起沉重樹枝。
chimpanzee	親潘子	黑猩猩親親潘子，像人一樣拍拍肩。
baboon	巴布恩	狒狒巴布恩坐在岩石，長嘴巴嚼果子。
sloth	絲漏思	樹懶慢慢思考，絲帶從手中漏下。
armadillo	阿媽地漏	阿媽家地板漏出犰狳，背甲像小裝甲。
platypus	拍了的噗絲	鴨嘴獸拍水噗一聲，扁嘴甩出水絲。
whale	喂兒	鯨魚喂一聲噴水，水柱比小船還高。
dolphin	刀芬	海豚背鰭像刀，躍出帶香芬的海浪。
porpoise	坡泡絲	鼠海豚滑過水坡，吹出一串小泡絲。
shark	殺可	鯊魚像海中刺客，尖鰭劃開水面。
octopus	奧克的噗絲	章魚奧克噗一聲，八條腕足噴出水絲。
squid	絲過的	烏賊的觸腕像絲，遊過水草鑽出去。
jellyfish	啫喱飛絲	水母像透明啫喱，水中飄著細絲。
starfish	星星飛絲	海星是海中的星星，五隻腕伸向沙地。
crab	可夾布	螃蟹可以夾住布，兩隻大螯不放手。
lobster	拉布絲特	龍蝦拉著布絲，特大螯像鉗子。
shrimp	絲拎普	蝦子拎著細絲鬚，普遍彎著身體遊。
prawn	普朗	明蝦普朗躍出水桶，大鬚甩得長長。
clam	可來姆	蛤蜊殼開啟，像說可以來摸摸沙。
oyster	喔！衣絲特	牡蠣穿著特別粗糙的殼衣，喔真硬。
mussel	媽色兒	媽媽挑的淡菜，貝殼閃著深藍色。
snail	絲內兒	蝸牛住在殼內，爬過絲線也不急。
slug	絲拉格	蛞蝓拉出黏絲，滑過方格磚。
worm	我耳姆	蚯蚓彎成耳朵形，拇指一碰便縮起。
caterpillar	開的皮勒	毛毛蟲穿皮鞋開步走，許多腳排成列。
moth	冒絲	蛾拍動翅膀，像冒出灰色粉絲。
firefly	發耳飛來	螢火蟲耳邊發光，飛來變成小燈。
grasshopper	格拉絲哈坡	蚱蜢拉著草絲，哈一聲跳上土坡。
cricket	可立可的	蟋蟀可以立在小石上，夜裡唱個不停。
mantis	慢踢絲	螳螂慢慢踢開絲線，鐮刀前足舉高。
cockroach	可哭肉吃	蟑螂溜到肉旁想吃，嚇得人快哭了。
beetle	比的兒	甲蟲比比硬殼，殼亮得像小汽車。
ladybug	雷迪抱個	雷迪抱著瓢蟲模型，紅背上數黑點。
mosquito	摸絲 key 偷	蚊子摸著絲線偷偷飛，像要偷鑰匙。
wasp	哇絲普	黃蜂哇一聲衝出，翅膀抖出細絲。
hornet	厚兒內的	虎頭蜂藏在厚厚的巢內，頭大身壯。
cicada	絲開的	蟬把翅膀絲紋展開，夏天唱到天黑。
centipede	森踢皮的	蜈蚣在森林踢皮球，一百隻腳忙不停。
scorpion	絲扣皮恩	蠍子用尾巴扣住皮球，尖刺高高翹起。
spider	絲派的	蜘蛛派出絲線，織成八角形網。
strawberry	絲抓背哩	草莓背上黏了絲，抓開看見紅果子。
blueberry	不露背哩	藍莓躲在葉背，不露出藍色小臉。
raspberry	熱絲背哩	覆盆莓像背著紅熱絲，顆粒抱成一團。
blackberry	不來可背哩	黑莓背著黑珠子，不肯來排隊。
cranberry	可染背哩	蔓越莓汁可染紅背包，滴成一串點。
watermelon	挖的梅冷	挖開西瓜，像挖到冰涼的梅色果肉。
melon	梅冷	甜瓜梅梅冷藏後，切開香甜又涼快。
cantaloupe	看他漏鋪	看哈密瓜的籽漏出來，鋪滿了盤子。
pineapple	派恩愛剖	派恩愛剖鳳梨，黃色果肉切成圈。
papaya	怕派呀	木瓜怕水果派，呀一聲躲到樹上。
mango	忙狗	小狗忙著聞芒果，鼻尖沾黃果汁。
guava	瓜娃	芭樂像穿綠衣的瓜娃，肚裡全是小籽。
peach	披奇	桃子披著奇妙絨毛，像粉紅小外套。
pear	派兒	梨子派兒上寬下窄，肚子裝滿甜汁。
plum	普朗姆	李子普朗姆穿紫衣，圓滾滾滾下坡。
cherry	切裡	切開櫻桃裡面，藏著一顆硬核。
lime	來姆	萊姆來到杯邊，擠出一滴酸汁。
grapefruit	格雷剖福入的	格雷剖開葡萄柚，把福氣果肉裝入碗。
kiwi	奇微	奇異果切面奇妙，黑籽微微圍成圈。
avocado	愛福卡豆	酪梨卡著大豆般的核，愛吃的福福挖開。
coconut	摳可拿的	摳開椰子，可以拿到白肉和椰汁。
pomegranate	泡嘛格染的	石榴泡在水裡，格子般的籽染紅水面。
fig	飛個	一個無花果飛過來，落地露出紅果心。
apricot	欸！破可的	杏桃欸一聲被剖開，可以看到果核。
carrot	開熱的	切開熱胡蘿蔔，橘色蒸氣冒出來。
onion	俺扭恩	俺扭開洋蔥層，眼淚流得像在感恩。
garlic	咖哩可	大蒜跳進咖哩鍋，可香得滿屋都是。
ginger	金哲	金哲咬到生薑，辣得嘴巴張開。
cucumber	Q可扛伯	黃瓜Q彈，伯伯扛著一大籃走來。
cabbage	開包紙	開啟包菜的紙，看見一顆高麗菜。
lettuce	累的絲	萵苣葉累得垂下，葉脈像細絲。
spinach	絲皮內吃	把菠菜捲進薄餅皮內，張嘴吃掉。
broccoli	不落可麗	綠花椰菜像美麗小樹，花球不肯落下。
cauliflower	烤了花兒	白花椰菜烤好了，像一朵白花兒。
celery	塞了衣	芹菜塞進衣袋，長莖露在口袋外。
asparagus	阿絲派熱個絲	阿絲端熱蘆筍，細長莖排得像絲線。
eggplant	欸個盼的	盼著茄子長大，欸，長成紫色大果了。
zucchini	豬 key 泥	小豬用鑰匙在泥上畫出一根節瓜。
pumpkin	胖普金	胖胖南瓜像金色大鼓，一拍咚咚響。
squash	絲瓜洗	倭瓜和絲瓜一起洗，水裡滾成一排。
corn	扣恩	玉米粒像釦子，感恩地排在玉米棒上。
bean	兵	小豆子兵排隊，準備跳進湯鍋。
pea	皮	剝開豆莢皮，一顆豌豆跳到手心。
soybean	搜衣兵	小兵搜衣袋，搜出一把大豆。
lentil	連的兒	小扁豆連成手鍊，戴在小孩手上。
mushroom	媽是入姆	媽媽走入小屋，屋頂是一朵大蘑菇。
radish	熱的洗	蘿蔔洗完放熱鍋，白皮冒出蒸氣。
turnip	特兒拿普	特兒拿出蕪菁，圓圓的像小陀螺。
beet	必的	甜菜必定把手染紅，切一下就知道。
yam	呀姆	挖出長長山藥，呀一聲放到拇指旁比長。
chili	氣哩	辣椒辣得冒氣哩，趕快喝水。
scallion	絲開裡恩	剖開青蔥，裡面的絲線像綠色感恩卡。
leek	立可	韭蔥立在瓶裡，可以當綠色旗子。
olive	阿莉夫	阿莉夫把橄欖壓出油，裝進小瓶。
toast	偷絲的	吐司偷偷夾住起司，拉出長長的絲。
pancake	盤開可	開啟盤蓋，可以看到圓圓煎餅。
waffle	挖福兒	在格子鬆餅挖一格，藏進福氣糖漿。
muffin	媽芬	媽媽做的瑪芬，香芬從紙杯飄出。
bagel	貝個兒	貝果中間一個洞，像小孩戴的圓手環。
croissant	誇桑的	誇桑的可頌像牛角，酥皮落滿盤子。
biscuit	比絲可的	比絲可的餅乾一碰就碎，屑屑飛起。
cracker	可熱可兒	蘇打餅乾可以熱一熱，再給孩子吃。
cereal	絲裡兒	穀片盒裡藏細絲，倒出來像金色小花。
oatmeal	藕的米兒	米兒把燕麥粥煮稠，稠得像藕粉。
porridge	坡熱紙	熱粥倒在斜坡紙碗，慢慢流向碗底。
dumpling	蛋撲拎	水餃像蛋撲進鍋，再拎起來裝盤。
bun	奔	小圓麵包長了腳，奔跑去早餐桌。
hotdog	哈的道格	道格吃熱狗，燙得哈氣不敢吞。
taco	塔扣	塔可捲餅像小塔，餅皮扣住餡料。
burrito	伯裡偷	伯伯在屋裡偷吃墨西哥捲餅，露出菜葉。
spaghetti	絲怕蓋踢	義大利麵像絲，怕鍋蓋把它踢飛。
pasta	趴絲的	各種麵食趴在盤上，螺旋麵與麵絲一起。
steak	絲踢可	牛排像皮球，叉子踢它一下就滾走。
chop	敲普	敲敲肉排讓它變嫩，再放上烤盤。
bacon	背肯	培根條肯背著雞蛋，一起走上早餐盤。
sausage	燒色紙	香腸像燒紅的彩色紙，捲成一節節。
ham	憨姆	憨姆抱著大火腿，切下一片分享。
butter	巴特	巴特抹奶油，麵包像披金色毯子。
yogurt	優個的	優格杯說自己很優，給你一口酸甜味。
cream	可立姆	鮮奶油打發後可以立起，像白色小山。
mayonnaise	美呀內滋	美乃滋擠進美麗沙拉，呀，裡面更滋潤。
ketchup	開吃普	開啟番茄醬，吃薯條時噗地擠一團。
mustard	媽絲特的	媽媽特製的芥末醬，把細絲麵條染黃。
sauce	掃絲	醬汁掃過盤底，留下一條亮亮的絲。
pepper	派剖	剖開肉派，撒胡椒粉讓它更香。
vinegar	維尼個	維尼拿個醋瓶，聞一下酸得皺鼻子。
oil	喔油兒	喔，油兒倒進鍋，表面亮亮的。
honey	哈尼	小熊哈尼抱著蜂蜜罐，舔得滿嘴甜。
syrup	絲熱普	糖漿像熱絲，噗地流滿鬆餅。
jam	夾姆	用兩片麵包夾果醬，拇指沾上一點紅。
peanut	皮拿的	花生皮拿掉，裡面藏兩顆小果仁。
walnut	我耳拿的	拿著核桃貼耳邊，形狀像皺皺的大耳。
almond	阿門的	杏仁排在阿門家的門口，像尖尖路標。
cashew	開秀	腰果開場秀，彎彎身子像跳舞。
hazelnut	嘿！這兒拿的	嘿，榛果在這兒，拿一顆敲開外殼。
chestnut	切絲拿的	栗子切開細縫，拿去烤成金黃色。
popcorn	砰扣恩	爆米花砰砰開，像玉米在扣門道謝。
donut	豆拿的	甜甜圈中洞塞著豆，拿出來才看見孔。
pudding	鋪丁	布丁鋪在小杯底，晃起來像軟釘子。
jelly	傑裡	傑裡搖搖果凍，果凍跟著全身晃。
pie	拍	輕拍餡餅皮，蘋果餡香氣冒出來。
tart	塔的	蛋塔排成小塔，塔頂是金黃蛋餡。
lollipop	蘿莉泡普	蘿莉的棒棒糖吹出泡泡，啵啵響。
gum	嘎姆	嘎姆嚼口香糖，吹出比臉大的泡泡。
marshmallow	麻是梅漏	棉花糖像麻繩纏梅子，軟得從手中漏下。
soda	搜打	搜到汽水罐，開啟就噴出氣泡。
cola	扣啦	可樂瓶蓋扣上啦，黑色汽水還在冒泡。
lemonade	累嘛內的	走累了嘛，冰箱內的檸檬水正好解渴。
milkshake	米爾克雪可	米爾克把奶與雪般的冰搖成奶昔。
cocoa	摳摳	摳摳杯底可可粉，沖成一杯熱可可。
marker	馬可	馬可拿彩色筆，把馬畫成七彩的。
crayon	可瑞恩	瑞恩可以用蠟筆，畫出厚厚彩色線。
chalk	敲可	粉筆敲敲黑板，可以寫出白色字。
scissors	絲子兒絲	剪刀剪絲帶，剪成一段段給孩子。
glue	格魯	格魯用膠水黏紙，手指也黏住了。
tape	貼普	膠帶貼在破紙邊，噗一下壓平。
stapler	絲貼剖勒	訂書機把紙貼齊，壓下像勒住紙頁。
staple	絲貼剖	訂書針像小鐵絲，貼住兩張紙的邊。
clip	可立普	迴紋針夾住紙，可以立在書架旁。
folder	佛的兒	佛像圖放入資料夾，給孩子帶去美術課。
binder	拜恩的	拜恩的活頁夾開啟，金屬環像小橋。
calculator	開Q累的兒	計算機開機算Q，累了也能幫孩子計算。
compass	扛怕絲	指南針掛在肩上，扛行李不怕迷路。
globe	格樓布	地球儀蓋著布，掀開像一棟圓樓。
microscope	麥可絲摳普	麥可用顯微鏡，看見布絲裡的小蟲。
telescope	貼了絲摳普	望遠鏡貼著星圖，鏡筒像拉長的絲管。
bell	貝兒	下課鐘貝兒叮噹叫，全班收起課本。
subject	撒佈吉課	吉吉把學科卡撒佈桌面，各課排成一列。
math	麥思	數學課數麥穗，思考共有幾粒。
science	賽恩絲	科學家賽恩研究絲線，拿出顯微鏡觀察。
history	嘿絲特里	歷史老師喊嘿，帶你走進古老城堡裡。
geography	地啊格拉菲	地理課把大地畫成格子，再描河流。
art	阿的	阿姨的藝術畫，顏色掛滿整面牆。
sports	絲坡的絲	運動員拉絲繩爬坡，練出強健身體。
gym	金姆	金姆在健身房舉重，鏡子照出汗水。
stadium	絲臺地姆	體育場看臺像絲帶，圍住大片地面。
court	扣的	球場地板扣上格線，球在界內彈跳。
pool	撲兒	孩子撲通跳進泳池，水花濺到池邊。
hall	豪兒	豪兒走過長廊，腳步聲一路回響。
office	喔！費絲	辦公室裡喔一聲，發現費用檔案堆滿。
principal	普林絲剖	校長普林剪開開學絲帶，全校鼓掌。
counselor	靠恩色勒	輔導老師靠近安慰，把煩惱的結解開。
librarian	來不累裡恩	圖書館員來整理書架，樂此不疲地服務。
uniform	優你佛姆	制服讓你看起來很優，整班站成一排。
diploma	地鋪蘿嘛	畢業證書鋪在地上，蘿蔔娃娃也畢業啦。
certificate	色的飛可的	證書上的彩色字飛起，可以飄到獎牆。
prize	派來滋	獎品是一大塊派，帶來甜美滋味。
medal	美的兒	美麗獎牌掛在孩子胸前，閃閃發光。
trophy	拋飛	獎盃高舉，像要拋到空中飛起。
ribbon	日奔	彩帶迎著日光奔跑，飄出長長尾巴。
recess	裡歇絲	下課休息時，屋裡的絲線也放鬆了。
vacation	飛開聲	假期搭飛機出發，開心的歡呼聲響起。
semester	撒美絲特	新學期撒滿美麗的絲帶，特別想上課。
term	特耳姆	這學期特別認真，耳邊響起老師叮嚀。
quiz	快字	小考快寫字，答完才發現只花五分鐘。
exam	一個讚姆	大考寫完，一個大拇指讚送給自己。
score	絲摳兒	得分寫在絲帶上，摳下來貼到成績簿。
mistake	米絲踢可	踢翻米袋是個錯誤，米粒灑滿地。
rule	如兒	規則如同小孩的欄杆，提醒別越過界線。
habit	哈比的	哈比每天先刷牙，這已成固定習慣。
throat	絲肉的	喉嚨像肉做的細管，聲音從裡面出來。
chest	切絲的	胸前掛著切好的絲帶，像一枚胸章。
stomach	絲躺麼可	胃裡的麵絲躺著，問怎麼還能吃下？
belly	背裡	肚子裡藏著點心，背包也裝著下一餐。
waist	圍絲的	腰間圍著絲帶，打個蝴蝶結。
hip	喜普	臀部喜歡噗地坐下，正好落在軟墊上。
back	背可	背部像架子，可以背上旅行包。
spine	絲派恩	脊椎像串著骨節的絲，支撐感恩的彎腰。
shoulder	收了的	肩膀收了兩個包，像掛著行李架。
elbow	欸！剝	欸，手肘彎起來，把橘子剝成兩半。
wrist	瑞絲的	瑞絲在手腕繫紅繩，抬手就看得見。
palm	趴姆	拇指趴在手掌上，掌心像小床。
finger	拎個	用手指拎個小袋子，五指輪流試。
thumb	撒姆	大拇指撒姆豎起，表示做得好。
nail	內兒	指甲內藏了點泥，小孩抬手看仔細。
thigh	塞	大腿塞進褲管，褲布繃成長長一段。
knee	泥	膝蓋跪到泥地，留下兩個圓印。
ankle	俺可勒	俺可在腳踝勒個鬆繩圈，當位置標記。
heel	希兒	希兒踮腳，腳後跟抬離了地面。
toe	偷	腳趾偷偷伸出襪洞，探頭看外面。
skin	絲巾	皮膚披著柔軟絲巾，包住整個身體。
bone	剝恩	剝開骨頭模型，裡面寫著感恩的字。
muscle	媽絲兒	媽媽的肌肉像粗絲束，彎手就鼓起。
blood	不樂的	血液不樂意堵住，沿血管不停流動。
brain	不瑞恩	瑞恩不用紙筆，大腦已想出答案。
lung	浪	肺像兩隻氣球，呼吸時鼓起浪形邊。
liver	立佛兒	肝臟模型旁立著小佛，孩子觀察形狀。
kidney	奇的泥	腎臟像奇妙豆子，泥人身上有兩顆。
forehead	佛嘿的	小佛嘿一聲，額頭貼著一張笑臉。
eyebrow	愛不讓	眉毛愛護眼睛，不讓汗水直接流下。
eyelash	愛拉絲	睫毛像愛美的拉絲小刷，排在眼邊。
eyelid	愛立的	眼皮像愛站崗的小門，一眨就關上。
cheek	氣可	臉頰鼓起氣，可以裝成胖胖小松鼠。
chin	親	輕親娃娃的下巴，娃娃低頭微笑。
jaw	招	顎骨招呼上下牙，一開一合嚼食物。
lip	立普	嘴唇立成噘嘴形，噗地吹出泡泡。
tongue	燙	舌頭怕燙，熱湯靠近便往後躲。
headache	嘿的欸可	頭痛時揉揉頭，嘿，疼得欸欸叫。
fever	飛佛	發燒的溫度計像飛起來，數字往上爬。
cough	咳夫	咳夫先生咳嗽時，手肘遮住嘴巴。
sneeze	絲泥滋	鼻子碰到細絲，噴嚏把泥點震開。
bandage	綁地紙	繃帶像布做的紙，綁住玩偶的腳。
pill	皮兒	藥丸小得像果皮屑，放在藥盒一格。
capsule	開普色兒	膠囊像可開合的彩色小殼，裝著藥粉。
tablet	踏不累的	藥片模型扁扁的，像踩不累的小踏板。
ointment	喔印的門的	藥膏擠出印子，像門邊畫的一條白線。
thermometer	色媽麼特	媽媽拿體溫計，問怎麼讀出特定數字。
stethoscope	絲貼絲摳普	聽診器的管像絲，貼胸前聽心跳。
syringe	絲拎紙	針筒模型用絲拎起，旁邊貼著用途紙卡。
wheelchair	微兒切兒	小孩坐輪椅，輪子微轉便移到椅邊。
crutch	可拉吃	柺杖可以拉到身旁，撐著走去吃飯。
stretcher	絲垂切兒	擔架拉直像平床，兩端垂著提帶。
dentist	墊的絲的	牙醫把工具墊在布上，再檢查牙齒。
surgeon	色珍	外科醫生穿著珍愛的綠色工作衣。
patient	配聲的	病人配合問診，用聲音說出哪裡不舒服。
clinic	可拎你可	拎著掛號單到診所，你可以等叫號。
pharmacy	發媽西	媽媽到西邊藥局，藥師發給藥袋。
sweater	絲喂的兒	毛衣用絲線織成，孩子穿上暖得笑了。
cardigan	卡的根	開襟衫鈕扣卡在毛線根，解開就能脫。
vest	微絲的	背心只有微小袖邊，手臂整段露出。
suit	書的	西裝裡藏一本書，穿去正式讀書會。
tuxedo	踏可西豆	燕尾服後襬踏過西邊豆田，像兩條尾巴。
blouse	布勞絲	女用襯衫由布與絲做成，袖子輕輕飄。
jeans	金絲	牛仔褲縫著金色絲線，口袋特別亮。
shorts	秀耳絲	短褲掛著像小耳朵的絲飾，褲管短短。
trousers	拽子兒絲	拽著長褲的絲繩，褲管一路垂到腳邊。
overalls	藕佛奧絲	吊帶褲吊著兩根帶，像把藕條掛肩上。
pajamas	怕夾媽子	睡衣釦子怕夾到媽媽，鬆鬆穿著才舒服。
robe	揉布	浴袍像一大塊軟布，揉一揉再披上。
raincoat	淚恩扣的	雨衣釦好，雨滴像淚滑過外面。
swimsuit	絲圍姆書的	泳衣把人圍住，像一件寫著泳姿的衣。
bikini	比 key 泥	比基尼兩件分開，旁邊放鑰匙與沙泥。
trunks	穿可絲	泳褲穿過腰際，絲繩束住褲頭。
underwear	俺的喂兒	俺的內衣褲晾在裡層，喊孩子別亂拿。
boots	不兀絲	靴子筒高高的，不怕泥水沾腳踝。
sneakers	絲泥可兒絲	運動鞋沾泥，鞋帶像絲可拆開清洗。
sandals	散的兒絲	涼鞋讓腳趾散開透氣，只剩幾條細帶。
slippers	絲立剖兒絲	拖鞋開口像剖開的口袋，腳一滑就入。
gloves	格拉夫絲	手套的五指拉出五條毛線絲。
mittens	米吞子	連指手套吞下四指，只留拇指在旁。
scarf	絲卡夫	圍巾像長長絲帶，卡夫繞頸兩圈。
belt	貝兒的	貝兒扣好皮帶，褲腰就不往下滑。
tie	太	領帶太長了，打個結才剛好。
ring	鈴	戒指上裝小鈴，手一動就叮叮響。
necklace	內可勒絲	項鍊可以繞頸，絲狀細鏈扣在後面。
bracelet	不瑞絲勒的	手鍊纏住瑞瑞手腕，像美麗小絲圈。
earring	耳鈴	耳環像兩個小鈴，掛在耳朵輕輕搖。
purse	坡絲	手提包掛著絲帶，沿坡走也握得住。
wallet	我立的	我把皮夾立在桌上，開啟可見鈔票。
umbrella	俺不熱啦	撐起雨傘遮陽，俺不熱啦，陰影跟著走。
sunglasses	散格拉色絲	太陽眼鏡把強光散開，深色鏡片護眼。
glasses	格拉色絲	眼鏡的玻璃片像小格子，架在鼻子上。
pocket	怕可的	怕硬幣掉地，可以放進口袋。
button	巴吞	鈕扣像巴士吞進釦眼，一顆顆扣好。
zipper	滋剖	拉鍊滋一聲拉開，像把衣服剖成兩邊。
shoelace	書雷絲	鞋帶像書上的雷形線，交叉繫成結。
collar	卡了兒	衣領卡住小孩脖邊，翻平後就整齊。
sleeve	絲立夫	袖子裡立著手臂，布絲跟著手搖。
kitchen	奇親	廚房裡奇奇親近鍋碗，學著洗菜煮飯。
bedroom	背的入姆	背著枕頭入臥室，床鋪在等你。
bathroom	爸絲入姆	爸爸拿毛巾進浴室，水聲嘩啦響。
balcony	貝兒可泥	貝兒在陽臺種花，盆裡可以裝泥。
porch	坡吃	門廊前有小坡，客人坐著吃點心。
hallway	豪喂	豪豪在走廊喊喂，迴音傳到盡頭。
attic	愛踢可	閣樓藏著愛踢球的玩偶與舊球。
basement	貝絲門的	地下室門邊放貝殼和絲線，樓梯往下。
garage	哥拉紙	哥哥把紙箱拉入車庫，停在車旁。
yard	呀的	呀，院子長滿花草，狗在裡面跑。
patio	派踢喔	露臺上的派被風踢歪，大家喔一聲。
roof	入夫	屋頂像大帽子，丈夫入住不怕雨。
chimney	親姆泥	煙囪像泥巴長管，冒煙親吻雲朵。
ceiling	西拎	向西邊抬頭，天花板拎著一盞燈。
floor	佛洛兒	佛洛兒坐在地板，鋪開積木城堡。
wall	我兒	我兒在牆壁量身高，畫下一道記號。
fence	分絲	柵欄分開兩塊地，細木條像絲線並排。
gate	蓋的	庭院大門像大蓋子，關上院子才完整。
doorbell	多耳貝兒	門鈴像多了一隻耳，貝兒一按就響。
mailbox	美兒包可絲	美麗信件包著絲帶，投進信箱。
pillow	披漏	枕頭披著軟套，漏出一角棉花。
cushion	酷聲	坐到酷酷靠墊，噗一聲陷進去。
blanket	不冷可的	蓋上毛毯不冷了，可以安心睡覺。
sheet	西的	西邊床上的床單，一大片平平鋪著。
quilt	快兒的	快把棉被給孩子，厚棉填得鼓鼓的。
mattress	麥垂絲	床墊像裝滿麥子的袋，邊緣垂著布絲。
wardrobe	我耳揉布	衣櫃開門，我耳邊響起揉動衣布的聲音。
closet	可落子的	壁櫥門開啟，可能落出一堆盒子。
drawer	抓兒	抓住抽屜把手往外拉，小孩看見文具。
cupboard	咖伯的	咖啡杯放在伯伯的碗櫥，一排排整齊。
cabinet	開不拿的	開啟櫃子卻不拿東西，只數裡面幾層。
shelf	雪兒夫	雪兒夫把書架擦乾淨，書本排上去。
bookcase	不克 key 絲	書櫃用鑰匙開鎖，布克再拉開防塵絲布。
curtain	可吞	窗簾可以吞下陽光，拉上屋裡就暗了。
blind	不賴恩的	賴恩的百葉窗一翻，光線不再直射。
carpet	卡怕的	地毯卡在門口，怕門一關就捲起來。
rug	拉格	拉一塊小地毯到桌旁，方格紋剛好對齊。
refrigerator	瑞飛紙熱的兒	冰箱裡的紙鶴想飛，冷得不再熱了。
fridge	福瑞紙	瑞瑞把福字貼紙貼在冰箱門上。
freezer	飛滋兒	冷凍庫把飛來的冰棒凍得滋滋響。
oven	阿芬	阿芬開啟烤箱，麵包香氣撲面來。
microwave	麥可揉微夫	麥可把揉好的麵放微波爐，微光亮起。
stove	絲豆夫	爐灶上的鍋煮豆子，蒸氣像絲往上冒。
toaster	偷絲特	烤麵包機偷烤特製吐司，香味藏不住。
blender	不冷的兒	果汁機打不冷的果汁，孩子加冰再攪。
kettle	開的兒	孩子開啟熱水壺蓋，看見空空的壺底。
pot	啪的	鍋蓋啪地蓋下，鍋子開始咕嚕煮湯。
pan	盤	平底鍋像有長柄的盤，煎蛋躺在中央。
teapot	踢怕的	茶壺怕被踢，躲到茶杯後面。
sink	星可	水槽底有星形濾網，可以攔住菜葉。
faucet	佛色的	佛像顏色的水龍頭，扭開便流清水。
bathtub	爸絲他不	爸爸把絲巾放浴缸，說他不想弄濕。
shower	燒兒	淋浴像小雨，熱水把鏡面燒成白霧。
toilet	偷衣了的	馬桶娃娃偷了衣服，坐著假裝沒看見。
towel	桃兒	毛巾裹著桃兒，擦掉表面水滴。
soap	搜普	搜到肥皂，噗一下搓出泡泡。
shampoo	香鋪	洗髮精把香氣鋪到頭髮，泡泡飄起。
toothbrush	兔絲不惹濕	兔子拿牙刷刷牙，不想弄濕長鬍鬚。
toothpaste	兔絲配絲的	兔子的牙膏擠成絲，配在牙刷上。
comb	扣姆	扁梳扣在拇指旁，細齒像一排欄杆。
iron	愛耳恩	熨斗燙平愛心布，耳邊響起蒸氣聲。
dryer	拽兒	烘乾機拽著衣服轉，甩掉最後的水。
vacuum	微可優姆	吸塵器微微張口，灰塵被吸得乾淨。
broom	不入姆	掃帚不讓灰塵入屋，把門口掃乾淨。
mop	媽普	媽媽噗地放下拖把，地板出現濕亮線。
bucket	巴可的	水桶像小巴士，可以載滿水滴。
sponge	絲胖紙	海綿吸水變胖，像一塊會膨脹的紙。
flashlight	福拉絲賴的	手電筒拉出一束光絲，照亮黑暗路口。
candle	看得兒	蠟燭亮起，孩子看得見生日蛋糕。
match	麥吃	火柴畫著吃麥的小鳥，細細排在盒內。
lighter	來特兒	打火機模型的火光，像來到手中的小星。
vehicle	微嘿可兒	車輛微微鳴笛，嘿，可以出發了。
motorcycle	摸的賽可兒	機車像可摸到的賽車，兩輪轉得飛快。
scooter	絲酷特	滑板車掛著酷絲帶，特別想滑一圈。
van	凡	凡凡開廂型車，後座裝滿全家的行李。
truck	穿可	卡車可以穿過山道，運送一車木材。
cab	開布	開啟車門，計程車座椅鋪著乾淨布。
subway	撒不喂	地下鐵鑽進地下，不讓灰塵撒到街上。
metro	美的揉	捷運像美麗長帶，繞城揉成一圈。
tram	穿姆	有軌電車穿過街道，軌道像兩條細線。
monorail	摸呢瑞兒	摸摸單軌車模型呢，瑞兒找到唯一軌道。
ferry	費裡	渡輪把人載到對岸，費費站在船裡看水。
yacht	呀的	遊艇呀一聲開出港，船尾拉起白浪。
canoe	可牛	獨木舟可以載玩具牛，細長船身不晃。
kayak	開呀可	皮划艇呀地劃開水，可以鑽過小河。
raft	熱夫的	木筏載著怕熱的夫婦，漂進樹蔭下。
submarine	撒不摸林	潛水艇藏在海底，不讓人摸到海藻林。
helicopter	嘿裡摳普的兒	直升機嘿一聲起飛，螺旋槳像大竹蜻蜓。
rocket	揉可的	把紙揉成火箭，可以想像飛向月亮。
spaceship	絲配絲西普	太空船配上長長光絲，西普船長出發。
harbor	哈伯	哈伯在港口招手，等漁船靠岸。
port	坡的	港口碼頭像水邊斜坡，貨箱排滿岸邊。
pier	皮兒	皮兒走上伸入水面的碼頭，看船緩緩來。
dock	道可	船塢像一道凹槽，可以讓船停入維修。
runway	潤喂	機場跑道被雨潤濕，地勤喊喂，注意！
terminal	特姆內兒	特姆在航廈內等孩子，抬頭看航班表。
platform	拍的佛姆	月臺拍著旅客腳步，等待列車進站。
avenue	愛分牛	大道寬得可分好多車道，牛車也走得過。
boulevard	不樂瓦的	林蔭大道旁瓦屋不寂寞，樹蔭連成排。
lane	雷恩	雷恩走進小巷，只容得下一部腳踏車。
alley	愛裡	小巷裡藏著愛心牆，轉彎就看見。
highway	嗨！喂	高速公路在遠處，大家嗨一聲沿路遠行。
freeway	飛喂	快速道路像讓車飛行的線，從城市伸出去。
bridge	不立紙	橋不是立起的紙，是橫跨河流的大路。
tunnel	吞兒	隧道吞下小火車，又從另一頭吐出。
sidewalk	賽的我可	在人行道比走路，我可以慢慢走。
crosswalk	跨絲我可	跨過條條白線，我可以到馬路對面。
intersection	因特色可聲	十字路口因特別的彩色燈，傳出提示聲。
corner	扣呢兒	街角像紙被扣起一角，孩子躲著探頭。
sign	賽恩	賽恩舉起路標牌，箭頭指向圖書館。
bakery	貝可裡	麵包店裡有貝果，可聞到烘烤香味。
butcher	不吃兒	肉舖師傅切肉，小孩說還不能生吃。
bookstore	不克絲朵	布克的書店，書頁像花朵展開。
laundromat	朗的揉麥的	自助洗衣店朗朗轉，機器揉著麥色衣物。
cinema	西呢媽	西邊的電影院呢，媽媽已買好票。
theater	希兒特兒	希兒走進劇院，舞臺上有特別的表演。
circus	色可絲	馬戲團用彩色絲帶，表演在空中翻轉。
aquarium	阿快瑞姆	阿瑞快到水族館，巨大的魚缸亮起。
planetarium	普蘭的特里姆	天文館把星星投到圓頂，普蘭抬頭看。
factory	發可的裡	工廠裡發出機器聲，可以做出玩具。
temple	添剖	寺廟添了一座小鐘亭，鐘聲慢慢傳開。
church	丘耳吃	教堂在山丘，耳邊傳來唱詩聲。
castle	卡色兒	城堡卡住彩色雲朵，塔上插滿旗子。
palace	派了絲	宮殿派出長絲帶，迎接來訪的賓客。
tower	桃兒高塔	桃兒爬上高塔，看見整片城市。
monument	摸你門的	紀念碑刻著名字，摸一摸像摸歷史的門。
fountain	放吞	噴泉放出水柱，又吞回底下水池。
square	絲快兒	廣場像方塊，孩子拉絲線量四邊。
yawn	呀恩	打哈欠呀一聲，眼角擠出小淚珠。
stretch	絲垂吃	伸懶腰把身體拉長，像垂直伸開的絲。
shave	削微夫	刮鬍子時微微削過，丈夫的下巴變光滑。
bake	貝可	貝貝可以把麵糰烘烤成麵包。
fry	福來	油炸薯條香味來了，福福開心拿盤子。
boil	伯油兒	伯伯煮水沸騰，泡泡像油珠翻滾。
steam	絲踢姆	清蒸時蒸氣像絲，從鍋裡踢上天空。
roast	肉絲的	烤肉時肉邊拉出香絲，慢慢變金黃。
grill	格瑞兒	格瑞用烤架火烤蔬菜，留下條條烤痕。
slice	絲來絲	切片刀拉來拉去，麵包片像紙絲排開。
peel	皮兒掉	削皮讓皮兒掉下，蘋果露出白果肉。
pour	坡兒	水壺嘴像小坡，水倒出來滑進杯裡。
stir	絲特兒	攪拌時特製湯匙繞圈，湯像絲帶轉動。
mix	米可絲	把米與細麵絲混合，兩種顏色攪一起。
taste	貼絲的	舌頭貼到細絲麵，嚐出鹹甜味。
smell	絲梅兒	聞聞絲袋裡的梅子，酸香飄到鼻尖。
chew	啾	嘴巴啾啾動，把食物慢慢嚼碎。
swallow	絲挖漏	吞嚥像食物沿細管，滑下而不漏出。
bite	拜的	餅乾說拜拜，一口咬去半邊。
lick	粒可	糖粒可以用舌頭舔，一下黏到舌尖。
sip	絲普	啜飲像吸細絲，輕輕噗地喝一小口。
sweep	絲微普	掃帚把微小灰絲，噗地掃成一堆。
wipe	外普	擦拭窗外水珠，噗一下玻璃變亮。
dust	大絲的	桌上大團灰塵像絲，拿布擦掉它。
scrub	絲可揉布	用力刷洗時，布可以揉出大團泡沫。
fold	佛的	把佛像布畫折疊，四角合成小方塊。
hang	憨	憨憨把衣服懸掛，衣架一排站整齊。
organize	藕耳根愛滋	整理藕根與耳飾，愛把雜物分門別類。
pack	派可	一塊派可以打包，裝進旅行袋。
unpack	俺派可	俺把打包的派拆開，行李也一起開啟。
lock	落可	門鎖落下卡住，可以安心關門。
unlock	俺落可	俺拉起落下的鎖，可以開門了。
push	撲濕	推開門，門外雨水撲來弄濕地板。
pull	撲兒拉	孩子把繩子拉回來，玩具撲到腳邊。
lift	立夫的	丈夫舉起箱子，直直立在肩旁。
drop	抓普	沒抓牢就噗地掉落，球彈到地上。
carry	開裡	開車裡帶著行李，下車再扛上肩。
hold	厚的	握住厚厚的把手，不讓水杯滑落。
catch	開吃	嘴開得像要吃球，雙手卻先接住球。
throw	絲揉	把紙絲揉成球，投擲到紙簍裡。
kick	踢可奇	踢一下奇特皮球，球彈向球門。
hit	喜的	喜歡打鼓，鼓棒一撞鼓面就咚咚響。
clap	可拉普	雙手拉到一起，噗噗拍出掌聲。
wave	喂夫	向丈夫喊喂，手在空中揮來揮去。
point	坡印的	手指指向坡上印記，大家跟著看。
nod	拿的	問要不要拿這個，小孩點頭說好。
shake	雪可	搖一搖雪景球，可以看見雪花飛舞。
bow	包	鞠躬彎得像包起來，頭朝前低下。
hug	哈格	哈格展開雙臂，給朋友一個擁抱。
kiss	奇絲	親吻像奇妙細絲，輕輕碰到臉頰。
shout	燒的	看見鍋子快燒焦，大聲喊停！
whisper	微絲剖兒	耳語像微小絲線，只送到孩子耳裡。
sing	星	唱歌的聲音像星星，一顆顆升上空。
play	陪來	陪朋友來玩，也一起演奏小鼓。
draw	抓	抓起鉛筆畫線，白紙變成小房子。
paint	配恩的	配好感恩卡顏色，用畫筆塗上去。
build	比兒的	孩子比著積木圖，把城堡建造起來。
climb	可來姆	小貓可以爬來，沿著樹幹爬高。
crawl	可繞兒	孩子爬行繞過桌腳，像小蟲過隧道。
slide	絲賴的	滑行像絲帶滑下，小孩一路滑到地面。
swing	絲微盪	鞦韆吊著絲帶，微風一來便擺盪。
skip	絲奇普	跳繩像細絲，奇奇噗地跳過去。
hop	哈普	單腳跳著喊哈，噗一下又落地。
jog	腳格	慢跑的腳步，一格一格踩過地磚。
sprint	絲不忍的	全力衝刺像絲被拉直，不忍停下。
skate	絲蓋的	冰場像蓋著光滑絲，溜冰鞋滑過去。
ski	絲 key	滑雪板像兩把長鑰匙，在雪上劃出絲線。
surf	絲耳夫	衝浪者耳邊全是浪聲，板子像切開水絲。
sail	塞兒	把風塞進帆裡，船兒開始航行。
row	揉	船槳像揉動水面，船便慢慢向前。
cheerful	氣兒福兒	愉快的孩子吹氣球，球上寫滿祝福。
gentle	真得兒	真的溫柔的人，輕輕把小貓抱起。
polite	怕賴的	有禮貌的孩子怕賴帳，借書都說謝謝。
rude	入的	客人粗魯地闖入，門還來不及開啟。
honest	阿呢絲的	阿呢把絲線弄斷，誠實地告訴媽媽。
brave	不瑞夫	瑞夫不怕困難，勇敢走上表演臺。
shy	曬	害羞的人一被注意，臉就紅得像曬過。
proud	普繞的	得獎者繞場展示獎牌，驕傲地抬頭。
calm	卡姆	卡姆冷靜坐著，外面打雷也不慌。
nervous	呢耳佛絲	緊張時耳邊像有細絲抖動，心跳加快。
lonely	漏恩裡	空屋漏進月光，裡面只有寂寞的人。
curious	Q瑞兒絲	瑞兒對Q形絲線好奇，問它怎麼彎。
careful	開耳福兒	小心的孩子睜眼豎耳，端穩福氣茶。
careless	開耳漏絲	粗心的人沒注意，開袋讓絲線漏滿地。
lazy	累滋	懶惰的人喊累，躺著吃滋味點心。
hardworking	哈的我耳金	勤奮工人哈氣暖手，耳邊響著工作聲。
smart	絲馬的	聰明的小馬用絲繩，拉開鎖住的門。
clever	可雷夫	機靈的雷夫用傘，接住掉下的鑰匙。
foolish	福裡洗	想把福氣卡放水裡洗，真是愚蠢點子。
silly	絲裡	淘氣娃娃在絲線裡打滾，頭頂一團線。
kind	開恩的	仁慈的人開啟感恩箱，分享裡面的食物。
cruel	可入兒	殘忍的反派把小孩關進模型牢房。
friendly	扶人的裡	友善的人在屋裡扶椅子，讓客人坐。
lovely	拉夫裡	拉夫家的小貓可愛，眨眼讓人想抱。
pretty	普莉踢	普莉穿漂亮舞鞋，輕踢裙襬轉圈。
ugly	阿格里	阿格在泥裡打滾，玩具臉變得難看。
handsome	憨森姆	憨厚的森姆打扮整齊，看起來很英俊。
fat	發的胖	玩偶充氣發胖，肚子變得圓鼓鼓。
thin	細恩	薄紙細得透光，上面還看得見恩字。
strong	絲抓昂	強壯的人抓住粗絲繩，昂首拉起重物。
weak	微可	虛弱的手只能微微動，連杯子也拿不穩。
healthy	嘿兒絲衣	健康的孩子嘿一聲，穿運動衣出門跑步。
sick	西可	西西生病了，可不能再跑來跑去。
rich	瑞吃	富有的瑞瑞，擺出滿桌美食請客。
poor	普兒	普兒的錢包空了，貧窮得只剩一張紙。
expensive	一個絲片是微夫	昂貴絲巾只給一小片，價錢卻很高。
cheap	氣普	便宜氣球噗地一吹，花小錢就能玩。
heavy	嘿！微衣	嘿，薄衣下竟藏重石頭，袋子好沉。
light	賴的	輕盈的羽毛賴在燈旁，被光照得明亮。
soft	掃夫的	柔軟的刷毛掃過手，像羽毛輕撫。
smooth	絲木的	木頭磨得像絲一樣光滑，手滑過去。
rough	熱夫	熱夫摸粗糙石頭，手被凹凸紋路攔住。
sharp	沙普	沙普的剪刀很鋒利，紙一碰就切開。
blunt	不攔的	鈍刀攔不住麵包，麵包皮怎麼切也不斷。
wide	外的	屋外的大路很寬，兩臺車能並排。
narrow	內揉	狹窄巷子裡，衣袖揉著兩旁牆壁。
thick	絲可厚	厚布有好多絲，可以疊成軟墊。
deep	地普	井深入地下，噗地丟石過好久才聽見聲。
shallow	沙漏	淺水裡的沙清楚可見，腳踩不過腳踝。
high	嗨	站在高山上喊嗨，聲音傳到遠方。
low	漏	低矮門縫漏進光，只照到腳邊。
safe	塞夫	把玩具塞進軟盒，丈夫說現在很安全。
dangerous	電熱絲	危險的怪獸像冒電的熱絲，大家遠遠躲開。
dirty	的耳踢	踢到泥水，耳朵玩偶也變得髒兮兮。
fresh	福瑞洗	瑞瑞洗好剛採的菜，新鮮水珠還亮著。
stale	絲貼兒	放久的麵包貼著乾絲，已不新鮮。
delicious	地裡香絲	菜從地裡採來，美味香氣像絲飄起。
tasty	貼絲踢	好吃的麵絲貼到叉子，一踢就進嘴。
sour	掃兒	酸檸檬掃過舌頭，孩子皺起整張臉。
bitter	比的兒	比比兩杯苦茶，小孩喝一口就皺眉。
salty	掃兒踢	鹽粒掃進湯裡，舌尖像被鹹味踢一下。
spicy	絲派西	西西咬一口辣派，辣得撥出細絲般的氣。
warm	我耳姆	溫暖圍巾包著耳朵，手掌也暖起來。
cool	酷兒	酷酷小孩站電扇前，涼風掀起頭髮。
dry	拽	把乾布拽起來，沒有一滴水落下。
wet	喂的	喊喂時雨落下，衣服一下子全濕了。
foggy	發個衣	霧像發出一件白衣，把山谷包住。
stormy	絲朵米	暴風雨把米袋與花朵，吹得滿天亂飛。
freezing	飛滋拎	冰冷得讓水滴飛起就結冰，拎成冰串。
bright	不賴的	不賴的燈很明亮，照得整間屋子發光。
dark	大可黑	大房間可以很暗，燈一關全變黑。
colorful	卡了福兒	卡片裝滿福字，色彩繽紛像小花園。
shiny	曬你	太陽曬著你手中的金屬，閃閃發光。
loud	老的	老喇叭大聲喊，連遠處的人都聽見。
quiet	快耳的	快把耳朵豎起，安靜聽微小鳥叫。
noisy	鬧滋	鬧鐘滋滋叫，房間變得很吵。
silent	賽冷的	比賽突然冷場，寂靜得聽見落針。
free	飛	自由小鳥展翅飛，不被籠子限制。
quick	快可	快快可以追上球，動作像閃電。
early	耳裡	鬧鐘在耳邊響，很早就起床了。
late	累的	睡累了還不起，出門才發現遲到了。
punctual	胖可啾兒	胖胖小鳥準時啾一聲，像整點報時。
correct	可瑞可的	瑞瑞可以對答案，確認每一題都正確。
wrong	讓	錯誤的路讓人繞圈，路牌指反方向。
true	初入	初入故事的偵探，查到真實的事實。
false	佛絲	假冒佛像用紙絲做，遇水就露出真相。
simple	新剖	新做的紙船隻折兩下，方法很簡單。
difficult	地福可兒的	地底福氣箱有好多鎖，要開啟很困難。
special	絲派秀兒	特別的孩子用絲帶派對，演一場小秀。
ordinary	藕的內裡	普通藕片放在碗內，和平常的一樣。
famous	飛嘛絲	出名歌手的照片，像絲帶飛滿街道。
popular	泡皮優勒	受歡迎的泡泡表演，吸引人群圍得密密。
strange	絲吹恩紙	奇怪的紙會吹絲線，大家瞪眼看著它。
wonderful	彎的福兒	彩虹彎得美妙，像給孩子的大祝福。
terrible	貼熱剝	糟糕膠帶貼在熱鍋，剝也剝不下來。
century	森丘裡	森林山丘裡的樹，長了一百年成一世紀。
decade	地開的	地上的年曆攤開，十張代表十年。
year	伊兒年	伊兒每過一年，牆上身高就添一條線。
month	慢絲	慢慢拉出日曆紙絲，三十天約是一個月。
week	微可週	微小日曆可以翻七天，正好一週。
weekend	微可恩的	一週到尾端，感恩迎來週末休息。
weekday	微可地	平日每天都上課，日曆工作格連成排。
day	得	每天得翻一張日曆，新日子便來了。
midnight	米的耐的	米粒排成十二點，耐心等到午夜。
noon	怒恩	太陽正午高高的，曬得小鐘怒哼一聲。
dawn	道恩	黎明光照到道路，恩字路牌漸漸可見。
dusk	大絲可	黃昏的大光絲，可以慢慢收回地平線。
sunrise	散來滋	日出把光散來，晨光滋潤整片草地。
sunset	散塞的	日落像把光塞回山後，天空慢慢變暗。
twilight	推賴的	暮光推著賴床的太陽，留下淡淡光線。
hour	熬兒	孩子熬著等蛋糕，時鐘轉完一個小時。
minute	米內的	一分鐘裡，把米裝到小罐內的格子。
moment	摸門的	摸到門把的一瞬間，門鈴剛好響起。
calendar	開了你的	開啟你的日曆，一整月日期排成格。
schedule	絲開啾兒	小鳥啾啾開啟絲帶卷，上面列好時間表。
tonight	特耐的	今晚特別耐心等，星星終於升起來。
now	鬧	鬧鐘現在響，提醒立刻起身。
then	的恩	回看那時候的感恩卡，想起隨後的故事。
soon	速嗯	說速速來，嗯，不久就到門口了。
later	累的兒	孩子累了先休息，稍後再把玩具收好。
already	藕瑞的衣	瑞瑞的衣服已經洗好，掛成整齊一排。
still	絲立兒	絲線仍然立在模型上，過一天也沒倒。
always	奧喂滋	奧奧總是喊喂，滋滋鬧鐘每天都響。
usually	優紙我裡	我通常在屋裡，用優質紙做作業。
often	奧芬	奧芬常常到公園，熟悉每張長椅。
sometimes	撒姆太姆絲	撒姆有時候戴長絲帽，有時候不戴。
seldom	塞了燈	燈塞在箱底，很少拿出來用。
rarely	瑞兒裡	瑞兒很少待在屋裡，幾乎天天去散步。
never	內佛	內佛從不遲到，鬧鐘還沒響就出門。
once	彎絲	只彎一次鐵絲，圈旁畫一個記號。
twice	推絲	推動絲線兩次，紙上留下兩個圈。
thrice	絲來絲	把絲線拉來三次，正好繞成三圈。
fourth	佛絲	第四尊佛像纏著絲，前三尊沒有。
fifth	飛夫絲	第五條絲帶飛到丈夫手中，前面已有四條。
sixth	絲可絲思	第六條絲打個結，思考前面五條的位置。
seventh	塞粉思	第七罐塞粉後，數數前面六罐。
eighth	欸！的絲	欸，第八根絲比較長，排在第七根後。
ninth	奶恩絲	第九杯奶繫感恩絲帶，前八杯排成列。
tenth	添絲	第十根添上絲線，前面九根已繫好。
million	米里恩	一百萬粒米堆成山，裡面埋著恩字牌。
billion	比裡恩	十億米粒比百萬更大，堆得看不到頂。
circle	絲可兒	絲線可以圈成圓，小孩找不到任何角。
triangle	踹愛恩格兒	踹動愛心格板，留下三角形足印。
rectangle	瑞可探格兒	瑞瑞探看長方格，一邊長一邊短。
oval	藕佛兒	橢圓形框包著藕片，長長圓圓像蛋。
diamond	戴門的	門上戴著菱形裝飾，像閃亮鑽石。
heart	哈的心	哈哈笑的心形卡，中間畫著愛心。
line	賴恩線	賴恩拉一條直線，從紙左邊到右邊。
dot	道的	道路圖上的點，一個圓點表示一站。
stripe	絲踹普	絲帶踹開顏料，印出一排長條紋。
pattern	拍吞	布料拍到印章，吞下漂亮花紋。
workbook	我耳可簿	耳邊有人說可以做了，開啟習作簿寫題。
storybook	絲朵裡簿	故事書裡冒出花朵，說著森林故事。
handbook	憨的簿	憨憨手裡的小簿，寫著操作指南。
cookbook	酷可簿	酷廚師的書簿，記滿每道菜的食譜。
guidebook	蓋的簿	旅行導覽書蓋在地圖上，翻開就能找路。
bookmark	不克馬可	布克用馬形書籤，標記看到的那一頁。
sunlight	散賴的	陽光散到賴床的人，把被子照得發亮。
moonlight	木恩賴的	月光像銀色恩惠，賴在木屋窗臺。
daylight	得賴的	白晝得到亮光，整條街道都看得清。
headlight	嘿的賴的	車頭嘿一聲亮燈，兩束光射到前面。
candlelight	看得兒賴的	燭光讓孩子看得見，光在桌上輕輕晃。
spotlight	絲怕的賴的	聚光燈把光束拉成絲，照在舞臺主角。
snowball	思諾包兒	思諾把雪包成圓球，捧在兩手之間。
snowman	思諾麥恩	思諾堆出雪人，麥恩加上胡蘿蔔鼻。
snowstorm	思諾絲朵姆	暴風雪把思諾的絲帶與花朵吹得飛起。
rainstorm	淚恩絲朵姆	暴風雨的雨滴像淚，砸得花朵不停搖。
raindrop	淚恩抓普	想抓住像淚的雨滴，噗地落在掌心。
seashore	西秀兒	西邊海岸有一排石，孩子在岸上看海。
seafood	西福的	西邊海裡的魚蝦，是餐桌上的海鮮。
seagull	西嘎兒	西邊海鷗嘎嘎叫，盤旋在漁船上方。
seashell	西雪兒	西邊沙灘拾到貝殼，雪兒捧著聽海聲。
fishbowl	飛絲剝兒	金魚缸像透明圓碗，魚遊得像飛絲。
fisherman	飛絲兒麥恩	漁夫麥恩丟擲魚線，細絲飛向水面。
fishery	飛絲兒裡	養殖漁場裡水花飛，魚群聚在池中央。
choose	啾滋	小鳥啾啾挑食，選擇最喜歡的滋味。
freeze	飛滋	水滴飛到冷天裡，滋一下凍成冰。
rise	來滋	太陽升起帶來光，滋潤醒來的大地。
raise	瑞滋	瑞瑞舉起水壺，澆水滋養小樹。
lead	立的	隊長立在前方，帶領大家走向終點。
spread	絲不瑞的	絲帶般的藤蔓散開，覆蓋瑞瑞的牆。
grow	格揉	小苗在格子盆裡，揉開葉子慢慢成長。
hide	嗨的	躲藏者不敢喊嗨，縮到門後藏起來。
steal	絲踢兒	故事小偷踢開絲簾，偷走展臺珠寶。
break	不瑞可	瑞瑞折斷樹枝，可再也接不回去。
bring	不拎	不要空手，拎著禮物帶來給朋友。
buy	拜	付錢買好東西，向店員說拜拜。
drive	拽夫	丈夫握方向盤，駕車拽著拖車前進。
fall	佛兒落	小佛像從架上落下，掉到軟墊裡。
feel	飛兒	孩子摸到羽毛，感覺像雲在手上飛。
find	發恩的	翻找感恩卡，終於發現它在書底。
forget	佛蓋的	忘記佛像蓋在盒內，找遍整間屋。
give	吉夫	吉夫把禮物交給朋友，雙手遞出去。
hear	希兒聽	希兒聽見鳥叫，轉頭看向窗外。
keep	奇普	奇普保持站直，像一根不倒的木棒。
know	諾	知道答案後，諾諾舉手回答。
leave	立夫	丈夫站起來離開，座位留在原處。
lose	鹿滋	鹿鹿把滋味糖弄丟，四處找不到。
meet	米的	兩顆米粒在盤裡相遇，開心打招呼。
pay	配	配好現金交給店員，完成付款。
ride	賴的騎	賴賴騎上小馬，跟著馬步慢慢前進。
see	西邊看	抬眼看西邊，看見夕陽落到山後。
send	森的	把森林照片寄出，信封投入郵筒。
sit	西的坐	西邊的椅子空著，走過去坐下。
spend	絲片的	把時間花在編絲片，錢也花在買線。
stand	絲探的	站立的人探出手，像一根垂直細絲。
take	忒可	這本書忒好看，可以拿起來讀。
teach	踢吃	老師教大家踢球，休息時再教吃飯禮貌。
tell	貼兒	把訊息貼在孩子桌上，告訴他集合時間。
think	心可	心裡可以轉出點子，仔細思考答案。
wear	喂兒穿	喂，孩子，穿上外套再戴帽子。
win	溫	贏得比賽後，握著獎盃手心暖暖的。
technology	踢可拿了機	科技讓機器踢球，還能拿回踢飛的球。
internet	因特內的	因特把電腦連上網，網內資訊四通八達。
smartphone	絲馬的風	智慧手機像聰明小馬，把訊息乘風送走。
software	掃夫喂兒	軟體指揮電腦掃描，孩子看著畫面變化。
device	地外絲	電子裝置像地外來的小盒，伸出線絲。
application	愛剖了 key 聲	點開應用程式，愛心圖與鑰匙提示聲出現。
connect	可內可的	兩條線可以接在一起，電流進入另一端。
information	因佛美聲	收到佛像展覽資訊，包含美麗圖片與聲音。
online	昂賴恩	賴恩的上線圖示亮起，昂首開始網路聊天。
digital	地紙的兒	紙圖變成數點陣圖，孩子在螢幕上放大它。
environment	因外揉門的	環境像屋外大門，包圍人、樹木與河流。
